theme,topic,word
education,education,daghem
education,education,elever
education,education,förskolepolitik
education,education,förskoleverksamhet
education,education,kunnig
education,education,kunskap
education,education,lärare
education,education,lärdom
education,education,lärdomar
education,education,okunnig
education,education,rektor
education,education,sex_och_samlevnad
education,education,sexual_och_samlevnadsundervisning
education,education,sexualkunskap
education,education,skola
education,education,skolfrågor
education,education,skollagen
education,education,skollagens
education,education,skolminister
education,education,skolministerns
education,education,skolmyndighet
education,education,skolpolitiken
education,education,skolpolitisk
education,education,skolverket
education,education,skolöverstyrelse
education,education,studenter
education,education,undervisning
education,education,utbildas
education,education,utbildning
education,education,utbildningsminister
education,education,utbildningsministern
health,disease,aids
health,disease,cancer
health,disease,depression
health,disease,diagnos
health,disease,gonorr
health,disease,hiv
health,disease,hjärtattack
health,disease,hpv
health,disease,klamydia
health,disease,könsdysfori
health,disease,könssjukdomar
health,disease,sjuk
health,disease,sjukdom
health,disease,sjukskriven
health,disease,syfilis
health,healthcare,hälsovårdsministern
health,healthcare,kondom
health,healthcare,landstingen
health,healthcare,medicinalstyrelsen
health,healthcare,p_piller
health,healthcare,p_spruta
health,healthcare,p_stav
health,healthcare,pessar
health,healthcare,preventivmedel
health,healthcare,regioner
health,healthcare,sjukförsäkringslagen
health,healthcare,sjukhus
health,healthcare,sjukvårdsfrågorna
health,healthcare,sjukvårdsminister
health,healthcare,sjukvårdspolitik
health,healthcare,sjukvårdspolitiken
health,healthcare,sjukvårdspolitisk
health,healthcare,sjukvårdspolitiska
health,healthcare,socialförsäkringsminister
health,healthcare,socialminister
health,healthcare,socialministern
health,healthcare,socialstyrelsen
health,healthcare,spiral
health,healthcare,sterilisering
health,healthcare,vård_och_omsorg
health,healthcare,vårdpolitiken
health,healthcare,äldreomsorg
health,healthcare,äldreomsorgen
health,healthcare,äldreomsorgsminister
health,healthcare,äldrepolitik
jurisprudence,crime,antasta
jurisprudence,crime,beroendeställning
jurisprudence,crime,bevistalan
jurisprudence,crime,bilstöld
jurisprudence,crime,bostadsinbrott
jurisprudence,crime,brottslighet
jurisprudence,crime,brottsligheten
jurisprudence,crime,brottsligt
jurisprudence,crime,cykelstöld
jurisprudence,crime,dagsböter
jurisprudence,crime,diskriminering
jurisprudence,crime,fotboja
jurisprudence,crime,företagsbot
jurisprudence,crime,grooming
jurisprudence,crime,incest
jurisprudence,crime,justitieminister
jurisprudence,crime,kriminalitet
jurisprudence,crime,kriminaliteten
jurisprudence,crime,kriminalpolitik
jurisprudence,crime,kriminell
jurisprudence,crime,livstidsstraff
jurisprudence,crime,misshandel
jurisprudence,crime,narkotikabrott
jurisprudence,crime,narkotikasmuggling
jurisprudence,crime,ofredande
jurisprudence,crime,otukt
jurisprudence,crime,personrån
jurisprudence,crime,polischefen
jurisprudence,crime,polismyndigheten
jurisprudence,crime,prostitution
jurisprudence,crime,rikspolisstyrelsen
jurisprudence,crime,rättspsykiatrisk
jurisprudence,crime,samhällstjänst
jurisprudence,crime,sexualbrott
jurisprudence,crime,sexuellt_våld
jurisprudence,crime,skadestånd
jurisprudence,crime,skyddstillsyn
jurisprudence,crime,säkerhetspolisen
jurisprudence,crime,tafsa
jurisprudence,crime,tidelag
jurisprudence,crime,trakasserier
jurisprudence,crime,ungdomstjänst
jurisprudence,crime,ungdomsvård
jurisprudence,crime,villkorlig_dom
jurisprudence,crime,villkorlig_frigivning
jurisprudence,crime,våldtäkt
jurisprudence,crime,övergrepp
jurisprudence,decriminalization,avkriminalisering
jurisprudence,decriminalization,legalisering
jurisprudence,decriminalization,prostitution
jurisprudence,social_human_rights,amnesty_international
jurisprudence,social_human_rights,antidiskriminering
jurisprudence,social_human_rights,barnkonventionen
jurisprudence,social_human_rights,diskrimineringslag
jurisprudence,social_human_rights,diskrimineringslagen
jurisprudence,social_human_rights,diskrimineringslagstiftningen
jurisprudence,social_human_rights,diskrimineringsombudsman
jurisprudence,social_human_rights,diskrimineringsombudsmannen
jurisprudence,social_human_rights,diskrimineringsutredningen
jurisprudence,social_human_rights,europakonventionen
jurisprudence,social_human_rights,fnkonvention
jurisprudence,social_human_rights,fnkonventioner
jurisprudence,social_human_rights,handikappombudsmannen
jurisprudence,social_human_rights,handikappråd
jurisprudence,social_human_rights,hatbrott
jurisprudence,social_human_rights,hbtq_rättigheter
jurisprudence,social_human_rights,hets_mot_folkgrupp
jurisprudence,social_human_rights,homosexuella_sambor
jurisprudence,social_human_rights,human_rights
jurisprudence,social_human_rights,humanitära_skäl
jurisprudence,social_human_rights,jämställdhetsminister
jurisprudence,social_human_rights,jämställdhetsministern
jurisprudence,social_human_rights,jämställdhetsombudsmannen
jurisprudence,social_human_rights,könsdiskriminerande_reklam
jurisprudence,social_human_rights,könsdiskriminering
jurisprudence,social_human_rights,könsdiskrimineringen
jurisprudence,social_human_rights,könsneutrala_äktenskap
jurisprudence,social_human_rights,medborgarrättigheter
jurisprudence,social_human_rights,minoritetsrättigheter
jurisprudence,social_human_rights,människorättsorganisation
jurisprudence,social_human_rights,mänskliga_rättigheter
jurisprudence,social_human_rights,mänskligheten
jurisprudence,social_human_rights,rasdiskriminerande
jurisprudence,social_human_rights,rasdiskriminering
jurisprudence,social_human_rights,rasdiskrimineringens
jurisprudence,social_human_rights,registrerat_partnerskap
jurisprudence,social_human_rights,rättighet
jurisprudence,social_human_rights,rättigheter
jurisprudence,social_human_rights,röda_korset
jurisprudence,social_human_rights,steriliseringskrav
jurisprudence,social_human_rights,tortyr
jurisprudence,social_human_rights,unicef
jurisprudence,social_human_rights,åldersdiskriminering
jurisprudence,social_human_rights,åldersdiskrimineringen
morality,moral,anständig
morality,moral,berömvärd
morality,moral,etik
morality,moral,heligt
morality,moral,moral
morality,moral,oanständig
morality,moral,oheligt
morality,moral,omoralisk
morality,moral,oskuldsfull
morality,moral,principer
morality,moral,synd
morality,moral,ärlig
morality,religion,bibeln
morality,religion,böneutrop
morality,religion,familj
morality,religion,helgmålsringning
morality,religion,imam
morality,religion,islam
morality,religion,islamisk
morality,religion,koranen
morality,religion,kristendom
morality,religion,kristna
morality,religion,kyrkoherde
morality,religion,kärnfamilj
morality,religion,moske
morality,religion,muslimska
morality,religion,profeten_muhammed
morality,religion,promiskuitet
morality,religion,präster
morality,religion,rabin
morality,religion,ramadan
morality,religion,sodomi
morality,religion,sveriges_muslimskaråd
morality,religion,synagoga
relationship,family,barnbarn
relationship,family,barnfamilj
relationship,family,barnfamiljerna
relationship,family,bror
relationship,family,ensamstående
relationship,family,ensamstående_mammor
relationship,family,ensamstående_mödrar
relationship,family,ensamstående_pappor
relationship,family,farföräldrar
relationship,family,farmor
relationship,family,förälder
relationship,family,föräldrar
relationship,family,gifta
relationship,family,hustru
relationship,family,lillasyster
relationship,family,lillebror
relationship,family,maka
relationship,family,make
relationship,family,mamma
relationship,family,morfar
relationship,family,morföräldrar
relationship,family,mormor
relationship,family,pappa
relationship,family,storasyster
relationship,family,storebror
relationship,family,syskon
relationship,family,syster
relationship,relationship,flickvän
relationship,relationship,förhållanden
relationship,relationship,pojkvän
relationship,relationship,sambo
relationship,relationship,samboende
relationship,relationship,samlevnad
relationship,relationship,äktenskap
sex,sex,abort
sex,sex,aids
sex,sex,analsex
sex,sex,asexualitet
sex,sex,bdsm
sex,sex,bisexualitet
sex,sex,dagen_efter_piller
sex,sex,diagnos
sex,sex,frigiditet
sex,sex,gonorr
sex,sex,graviditet
sex,sex,grooming
sex,sex,gummivaror
sex,sex,hbt
sex,sex,heterosexualitet
sex,sex,hiv
sex,sex,homosexuealitet
sex,sex,homosexuell_sambo
sex,sex,hpv
sex,sex,hångla
sex,sex,impotens
sex,sex,incest
sex,sex,intersex
sex,sex,intersexuella
sex,sex,intersexuellas_könstillhörighet
sex,sex,kemsex
sex,sex,klamydia
sex,sex,klittra
sex,sex,kondom
sex,sex,kön
sex,sex,könsdrift
sex,sex,könsdysfori
sex,sex,könsneutrala_äktenskap
sex,sex,könsorgan
sex,sex,könssjukdomar
sex,sex,libido
sex,sex,lust
sex,sex,masochism
sex,sex,mastrubera
sex,sex,masturbation
sex,sex,missfall
sex,sex,njutning
sex,sex,onani
sex,sex,orgasm
sex,sex,orgie
sex,sex,otukt
sex,sex,p_piller
sex,sex,p_skum
sex,sex,p_spruta
sex,sex,p_stav
sex,sex,penis
sex,sex,pervers
sex,sex,perversion
sex,sex,pessar
sex,sex,petting
sex,sex,potens
sex,sex,preventivmedel
sex,sex,pronografi
sex,sex,prostitution
sex,sex,registrerat_partnerskap
sex,sex,runka
sex,sex,samlag
sex,sex,samlagsställning
sex,sex,sex
sex,sex,sex_och_samlevnad
sex,sex,sexhandel
sex,sex,sexköp
sex,sex,sexolog
sex,sex,sexologi
sex,sex,sexorgie
sex,sex,sexting
sex,sex,sexual_och_samlevnadsundervisning
sex,sex,sexualisk
sex,sex,sexualitet
sex,sex,sexualkunskap
sex,sex,sexualmoral
sex,sex,sexualupplysning
sex,sex,sexuella_övergrepp
sex,sex,sexuellt_uttryck
sex,sex,sexuellt_våld
sex,sex,sexull_identitet
sex,sex,spiral
sex,sex,sterilisering
sex,sex,syfilis
sex,sex,transexualism
sex,sex,transvetism
sex,sex,vagina
sex,sex,vaginism
sex,sex,vestibulit
sex,sex,viagra
sex,sex,vulvasmärta
sex,sex,våldtäkt
